categories = ['Arts and Entertainment', 'Business and Consumer Services', 'Community and Society', 'Computers Electronics and Technology', 'eCommerce and Shopping', 'Finance', 'Food and Drink', 'Gambling', 'Games', 'Health', 'Heavy Industry and Engineering', 'Hobbies and Leisure', 'Home and Garden', 'Jobs and Career', 'Law and Government', 'Lifestyle', 'News and Media Publishers', 'Pets and Animals', 'Reference Materials', 'Science and Education', 'Sports', 'Travel and Tourism', 'Vehicles', 'Adult']

Extension,index,load_time,website,key
adblock,1,-54788,www.lastnighton.com,NULL
adblock,2,-44158,www.cqkjwx.com,NULL
adblock,3,-39176,www.360doc.com,NULL
adblock,4,-38416,www.thesun.co.uk,News
adblock,5,-35966,www.schooldigger.com,NULL
adblock,6,-35634,www.dailymail.co.uk,News
adblock,7,-34539,www.livescience.com,Science
adblock,8,-34089,www.hollywoodreporter.com,News
adblock,9,-33495,www.techradar.com,News
adblock,10,-30097,www.huffpost.com,News
adblock,11,-24985,www.huffingtonpost.com,News
adblock,12,-22781,www.variety.com,Arts & Entertainment
adblock,13,-22231,www.box.com,Sports
adblock,14,-20046,www.foxnews.com,News
adblock,15,-19864,www.rollingstone.com,Arts & Entertainment
adblock,16,-19482,www.reuters.com,News
adblock,17,-19403,www.codexnomina.com,NULL
adblock,18,-17426,www.speedtest.net,Computer
adblock,19,-17194,www.mlb.com,Sports
adblock,20,-16913,www.arstechnica.com,NULL
adblock,21,-16720,www.careerindia.com,NULL
adblock,22,-15377,www.gitee.com,NULL
adblock,23,-15250,www.sfgate.com,News
adblock,24,-15232,www.slate.com,News
adblock,25,-15194,www.marinelink.com,NULL
adblock,26,-15070,www.time.com,News
adblock,27,-13679,www.eventbrite.com,Arts & Entertainment
adblock,28,-13480,www.netscape.com,NULL
adblock,29,-12789,www.pornhub.com,Adult
adblock,30,-11580,www.thehill.com,News
adblock,31,-11453,www.nypost.com,News
adblock,32,-11381,www.metsmerizedonline.com,NULL
adblock,33,-10891,www.smithsonianmag.com,Reference
adblock,34,-10797,www.nicovideo.jp,Arts-and-Entertainment
adblock,35,-10285,www.lifehacker.com,NULL
adblock,36,-9411,www.atlassian.net,Computers & Electronics
adblock,37,-9280,www.gamespot.com,Games
adblock,38,-8726,www.britannica.com,Reference
adblock,39,-8655,www.hy-dl.com.cn,NULL
adblock,40,-8475,www.genius.com,Arts & Entertainment
adblock,41,-8461,www.chron.com,News
adblock,42,-8029,www.ndtv.com,News
adblock,43,-7740,www.marketwatch.com,Business & Industrial
adblock,44,-7736,www.usatoday.com,News
adblock,45,-7486,www.dytt8.net,NULL
adblock,46,-7275,www.wired.com,NULL
adblock,47,-7118,www.hatena.ne.jp,NULL
adblock,48,-7116,www.ign.com,Games
adblock,49,-7095,www.moneycontrol.com,Finance
adblock,50,-7012,www.notthebee.com,Arts & Entertainment
adblock,51,-6943,www.wowhead.com,Arts & Entertainment
adblock,52,-6942,www.wps.cn,NULL
adblock,53,-6851,www.shein.com,Lifestyle
adblock,54,-6808,www.twitch.tv,Arts & Entertainment
adblock,55,-6316,www.dictionary.com,Reference
adblock,56,-6310,www.patient.info,NULL
adblock,57,-6269,www.thetimes.co.uk,News
adblock,58,-6050,www.zendesk.com,NULL
adblock,59,-5853,www.newscientist.com,NULL
adblock,60,-5702,www.bestbuy.com,Computers-Electronics-and-Technology
adblock,61,-5638,www.andropalace.org,NULL
adblock,62,-5602,www.pcmag.com,Shopping
adblock,63,-5452,www.thisvid.com,NULL
adblock,64,-5378,www.timeanddate.com,Science-and-Education
adblock,65,-5273,www.record-ragnarok.com,NULL
adblock,66,-5193,www.mida.gov.my,NULL
adblock,67,-5163,www.verizon.com,Internet & Telecom
adblock,68,-5108,www.hilton.com,Travel
adblock,69,-5102,www.theverge.com,Computers & Electronics
decentraleyes,1,-44107,www.cqkjwx.com,NULL
decentraleyes,2,-38859,www.thesun.co.uk,News
decentraleyes,3,-37358,www.360doc.com,NULL
decentraleyes,4,-35203,www.techradar.com,News
decentraleyes,5,-34883,www.lastnighton.com,NULL
decentraleyes,6,-34175,www.livescience.com,Science
decentraleyes,7,-27808,www.tordarkmarketurl.shop,NULL
decentraleyes,8,-25682,www.huffpost.com,News
decentraleyes,9,-23114,www.nypost.com,News
decentraleyes,10,-22330,www.box.com,Sports
decentraleyes,11,-22169,www.huffingtonpost.com,News
decentraleyes,12,-19411,www.dictionary.com,Reference
decentraleyes,13,-18048,www.schooldigger.com,NULL
decentraleyes,14,-17718,www.careerindia.com,NULL
decentraleyes,15,-17437,www.pornhub.com,Adult
decentraleyes,16,-16581,www.arstechnica.com,NULL
decentraleyes,17,-15424,www.eventbrite.com,Arts & Entertainment
decentraleyes,18,-13228,www.dailymail.co.uk,News
decentraleyes,19,-12915,www.foxnews.com,News
decentraleyes,20,-12914,www.netscape.com,NULL
decentraleyes,21,-11669,www.atlassian.net,Computers & Electronics
decentraleyes,22,-11171,www.gitee.com,NULL
decentraleyes,23,-10515,www.lifehacker.com,NULL
decentraleyes,24,-10446,www.codexnomina.com,NULL
decentraleyes,25,-10047,www.reuters.com,News
decentraleyes,26,-9578,www.marinelink.com,NULL
decentraleyes,27,-9487,www.gamespot.com,Games
decentraleyes,28,-9265,www.news.com.au,Sports
decentraleyes,29,-8223,www.hepsiburada.com,NULL
decentraleyes,30,-7939,www.shein.com,Lifestyle
decentraleyes,31,-7741,www.wired.com,NULL
decentraleyes,32,-7540,www.variety.com,Arts & Entertainment
decentraleyes,33,-7342,www.zhcommerce.cn,NULL
decentraleyes,34,-6825,www.pcmag.com,Shopping
decentraleyes,35,-6602,www.hy-dl.com.cn,NULL
decentraleyes,36,-6557,www.economist.com,News
decentraleyes,37,-6024,www.speedtest.net,Computer
decentraleyes,38,-5808,www.time.com,News
decentraleyes,39,-5783,www.zendesk.com,NULL
decentraleyes,40,-5704,www.itu.int,Business & Industrial
decentraleyes,41,-5495,www.mida.gov.my,NULL
decentraleyes,42,-5361,www.bestbuy.com,Computers-Electronics-and-Technology
decentraleyes,43,-5353,www.newyorker.com,News
decentraleyes,44,-5007,www.latimes.com,News
disconnect,1,-66604,www.teamcolorcodes.com,NULL
disconnect,2,-56366,www.lastnighton.com,NULL
disconnect,3,-38340,www.360doc.com,NULL
disconnect,4,-36226,www.schooldigger.com,NULL
disconnect,5,-35710,www.dailymail.co.uk,News
disconnect,6,-35630,www.thesun.co.uk,News
disconnect,7,-35580,www.hollywoodreporter.com,News
disconnect,8,-34598,www.techradar.com,News
disconnect,9,-34468,www.livescience.com,Science
disconnect,10,-32225,www.huffpost.com,News
disconnect,11,-30769,www.nypost.com,News
disconnect,12,-27342,www.huffingtonpost.com,News
disconnect,13,-24666,www.reuters.com,News
disconnect,14,-24606,www.foxnews.com,News
disconnect,15,-23462,www.rollingstone.com,Arts & Entertainment
disconnect,16,-22466,www.mlb.com,Sports
disconnect,17,-22419,www.variety.com,Arts & Entertainment
disconnect,18,-20741,www.dictionary.com,Reference
disconnect,19,-20132,www.smithsonianmag.com,Reference
disconnect,20,-20028,www.arstechnica.com,NULL
disconnect,21,-19990,www.speedtest.net,Computer
disconnect,22,-19382,www.box.com,Sports
disconnect,23,-19134,www.careerindia.com,NULL
disconnect,24,-17602,www.time.com,News
disconnect,25,-17598,www.pornhub.com,Adult
disconnect,26,-16198,www.slate.com,News
disconnect,27,-16161,www.codexnomina.com,NULL
disconnect,28,-15663,www.nicovideo.jp,Arts-and-Entertainment
disconnect,29,-15595,www.eventbrite.com,Arts & Entertainment
disconnect,30,-15309,www.marinelink.com,NULL
disconnect,31,-13921,www.sfgate.com,News
disconnect,32,-13258,www.netscape.com,NULL
disconnect,33,-13257,www.wired.com,NULL
disconnect,34,-11971,www.marketwatch.com,Business & Industrial
disconnect,35,-11855,www.zhcommerce.cn,NULL
disconnect,36,-11570,www.britannica.com,Reference
disconnect,37,-11259,www.forbes.com,News
disconnect,38,-10847,www.lifehacker.com,NULL
disconnect,39,-10670,www.chron.com,News
disconnect,40,-9667,www.metsmerizedonline.com,NULL
disconnect,41,-9552,www.usatoday.com,News
disconnect,42,-9429,www.thehill.com,News
disconnect,43,-9134,www.gamespot.com,Games
disconnect,44,-9106,www.ndtv.com,News
disconnect,45,-8898,www.genius.com,Arts & Entertainment
disconnect,46,-8893,www.nreionline.com,NULL
disconnect,47,-8889,www.moneycontrol.com,Finance
disconnect,48,-8478,www.newscientist.com,NULL
disconnect,49,-8432,www.cnn.com,News
disconnect,50,-7989,www.news.com.au,Sports
disconnect,51,-7854,www.wowhead.com,Arts & Entertainment
disconnect,52,-7540,www.rcfl.com.hk,NULL
disconnect,53,-7476,www.digitaltrends.com,Science
disconnect,54,-7451,www.hatena.ne.jp,NULL
disconnect,55,-7414,www.patient.info,NULL
disconnect,56,-7069,www.verizon.com,Internet & Telecom
disconnect,57,-7049,www.ign.com,Games
disconnect,58,-7037,www.thedailybeast.com,Arts & Entertainment
disconnect,59,-6947,www.atlassian.net,Computers & Electronics
disconnect,60,-6928,www.thetimes.co.uk,News
disconnect,61,-6869,www.shein.com,Lifestyle
disconnect,62,-6851,www.newyorker.com,News
disconnect,63,-6808,www.timeanddate.com,Science-and-Education
disconnect,64,-6773,www.nba.com,Sports
disconnect,65,-6742,www.notthebee.com,Arts & Entertainment
disconnect,66,-6704,www.theverge.com,Computers & Electronics
disconnect,67,-6196,www.twitch.tv,Arts & Entertainment
disconnect,68,-6143,www.bestbuy.com,Computers-Electronics-and-Technology
disconnect,69,-5977,www.fandom.com,Arts & Entertainment
disconnect,70,-5878,www.andropalace.org,NULL
disconnect,71,-5842,www.learnmech.com,NULL
disconnect,72,-5815,www.economist.com,News
disconnect,73,-5789,www.braze.com,NULL
disconnect,74,-5591,www.readmoo.com,NULL
disconnect,75,-5378,www.indiatimes.com,News
disconnect,76,-5369,www.pcmag.com,Shopping
disconnect,77,-5364,www.mashable.com,Business & Industrial
disconnect,78,-5285,www.bizjournals.com,NULL
disconnect,79,-5278,www.thisvid.com,NULL
disconnect,80,-5259,www.theoriginalshotels.com,NULL
disconnect,81,-5230,www.cqkjwx.com,NULL
disconnect,82,-5229,www.dlsite.com,Adult
disconnect,83,-5191,www.today.com,News
disconnect,84,-5056,www.glassdoor.com,Jobs & Education
disconnect,85,-5040,bestfonts.pro,NULL
disconnect,86,-5014,www.sina.com.cn,Sports
ghostery,1,-206028,www.tordarkmarketurl.shop,NULL
ghostery,2,-66910,www.teamcolorcodes.com,NULL
ghostery,3,-54442,www.lastnighton.com,NULL
ghostery,4,-42935,www.cqkjwx.com,NULL
ghostery,5,-39296,www.thesun.co.uk,News
ghostery,6,-39147,www.360doc.com,NULL
ghostery,7,-37241,www.hollywoodreporter.com,News
ghostery,8,-36578,www.schooldigger.com,NULL
ghostery,9,-36066,www.techradar.com,News
ghostery,10,-35429,www.livescience.com,Science
ghostery,11,-32620,www.huffpost.com,News
ghostery,12,-30157,www.nypost.com,News
ghostery,13,-27990,www.huffingtonpost.com,News
ghostery,14,-26076,www.reuters.com,News
ghostery,15,-25134,www.foxnews.com,News
ghostery,16,-24125,www.variety.com,Arts & Entertainment
ghostery,17,-24060,www.box.com,Sports
ghostery,18,-23812,www.rollingstone.com,Arts & Entertainment
ghostery,19,-22029,www.mlb.com,Sports
ghostery,20,-21155,www.dictionary.com,Reference
ghostery,21,-20931,www.smithsonianmag.com,Reference
ghostery,22,-20181,www.speedtest.net,Computer
ghostery,23,-19937,www.careerindia.com,NULL
ghostery,24,-19786,www.arstechnica.com,NULL
ghostery,25,-19461,www.codexnomina.com,NULL
ghostery,26,-18658,www.pornhub.com,Adult
ghostery,27,-17778,www.time.com,News
ghostery,28,-17691,www.slate.com,News
ghostery,29,-17597,www.gitee.com,NULL
ghostery,30,-17529,www.sfgate.com,News
ghostery,31,-16839,www.nicovideo.jp,Arts-and-Entertainment
ghostery,32,-16596,www.ifeng.com,NULL
ghostery,33,-15750,www.eventbrite.com,Arts & Entertainment
ghostery,34,-15593,www.marinelink.com,NULL
ghostery,35,-15149,www.thehill.com,News
ghostery,36,-15057,www.netscape.com,NULL
ghostery,37,-14771,www.wired.com,NULL
ghostery,38,-14207,www.chron.com,News
ghostery,39,-13735,www.zhipin.com,Jobs-and-Career
ghostery,40,-13066,www.marketwatch.com,Business & Industrial
ghostery,41,-12274,www.metsmerizedonline.com,NULL
ghostery,42,-12038,www.britannica.com,Reference
ghostery,43,-11999,www.rusjev.net,NULL
ghostery,44,-11407,www.atlassian.net,Computers & Electronics
ghostery,45,-11250,www.newyorker.com,News
ghostery,46,-10957,www.forbes.com,News
ghostery,47,-10739,www.lifehacker.com,NULL
ghostery,48,-10710,www.usatoday.com,News
ghostery,49,-10224,www.digitaltrends.com,Science
ghostery,50,-10139,www.cnn.com,News
ghostery,51,-9670,www.thetimes.co.uk,News
ghostery,52,-9459,www.ndtv.com,News
ghostery,53,-9249,www.genius.com,Arts & Entertainment
ghostery,54,-9095,www.news.com.au,Sports
ghostery,55,-8970,www.moneycontrol.com,Finance
ghostery,56,-8894,www.thedailybeast.com,Arts & Entertainment
ghostery,57,-8720,www.pcmag.com,Shopping
ghostery,58,-8642,www.ign.com,Games
ghostery,59,-8480,www.wowhead.com,Arts & Entertainment
ghostery,60,-8452,www.newscientist.com,NULL
ghostery,61,-8317,www.notthebee.com,Arts & Entertainment
ghostery,62,-7920,www.gamespot.com,Games
ghostery,63,-7913,www.economist.com,News
ghostery,64,-7709,www.dytt8.net,NULL
ghostery,65,-7680,www.patient.info,NULL
ghostery,66,-7574,www.bestbuy.com,Computers-Electronics-and-Technology
ghostery,67,-7557,www.rcfl.com.hk,NULL
ghostery,68,-7548,www.shein.com,Lifestyle
ghostery,69,-7482,www.theverge.com,Computers & Electronics
ghostery,70,-7250,www.timeanddate.com,Science-and-Education
ghostery,71,-7014,www.hatena.ne.jp,NULL
ghostery,72,-6857,www.bizjournals.com,NULL
ghostery,73,-6281,www.zendesk.com,NULL
ghostery,74,-6253,www.livejournal.com,Online Communities
ghostery,75,-6214,www.verizon.com,Internet & Telecom
ghostery,76,-6140,www.zhcommerce.cn,NULL
ghostery,77,-6013,www.nreionline.com,NULL
ghostery,78,-5984,www.andropalace.org,NULL
ghostery,79,-5885,www.fandom.com,Arts & Entertainment
ghostery,80,-5868,www.mida.gov.my,NULL
ghostery,81,-5825,www.hy-dl.com.cn,NULL
ghostery,82,-5815,www.mashable.com,Business & Industrial
ghostery,83,-5805,www.dlsite.com,Adult
ghostery,84,-5783,www.vox.com,Arts & Entertainment
ghostery,85,-5779,www.learnmech.com,NULL
ghostery,86,-5773,www.itu.int,Business & Industrial
ghostery,87,-5755,www.thesaurus.com,Reference-Materials
ghostery,88,-5712,www.braze.com,NULL
ghostery,89,-5630,www.thisvid.com,NULL
ghostery,90,-5614,www.wsj.com,Business & Industrial
ghostery,91,-5504,www.indiatimes.com,News
ghostery,92,-5503,3lift.com,NULL
ghostery,93,-5414,www.readmoo.com,NULL
ghostery,94,-5365,www.record-ragnarok.com,NULL
ghostery,95,-5165,www.history.com,People & Society
ghostery,96,-5157,bestfonts.pro,NULL
ghostery,97,-5055,www.latimes.com,News
ghostery,98,-5000,www.newsweek.com,News
https,1,-55129,www.teamcolorcodes.com,NULL
https,2,-48838,www.cqkjwx.com,NULL
https,3,-36848,www.lastnighton.com,NULL
https,4,-27780,www.360doc.com,NULL
https,5,-25045,www.huffpost.com,News
https,6,-22387,www.box.com,Sports
https,7,-20855,www.thesun.co.uk,News
https,8,-17442,www.gitee.com,NULL
https,9,-15091,www.marinelink.com,NULL
https,10,-14959,www.mlb.com,Sports
https,11,-14499,www.nicovideo.jp,Arts-and-Entertainment
https,12,-13823,www.rollingstone.com,Arts & Entertainment
https,13,-12965,www.arstechnica.com,NULL
https,14,-12697,www.hollywoodreporter.com,News
https,15,-12641,www.netscape.com,NULL
https,16,-11738,www.dictionary.com,Reference
https,17,-11095,www.atlassian.net,Computers & Electronics
https,18,-10644,www.wps.cn,NULL
https,19,-10014,www.pornhub.com,Adult
https,20,-9295,www.foxnews.com,News
https,21,-9268,www.variety.com,Arts & Entertainment
https,22,-7738,www.careerindia.com,NULL
https,23,-7632,www.zhipin.com,Jobs-and-Career
https,24,-7451,www.rcfl.com.hk,NULL
https,25,-7077,www.mida.gov.my,NULL
https,26,-6419,www.eventbrite.com,Arts & Entertainment
https,27,-6039,www.hatena.ne.jp,NULL
https,28,-5996,www.itu.int,Business & Industrial
https,29,-5805,www.groove.cm,NULL
https,30,-5698,www.zhcommerce.cn,NULL
https,31,-5591,www.autohome.com.cn,Vehicles
https,32,-5510,www.thisvid.com,NULL
https,33,-5274,www.reuters.com,News
https,34,-5052,www.dytt8.net,NULL
noscript,1,-56049,www.lastnighton.com,NULL
noscript,2,-50831,www.cqkjwx.com,NULL
noscript,3,-45029,www.360doc.com,NULL
noscript,4,-39138,www.thesun.co.uk,News
noscript,5,-38773,www.dailymail.co.uk,News
noscript,6,-36532,www.schooldigger.com,NULL
noscript,7,-36402,www.livescience.com,Science
noscript,8,-36400,www.techradar.com,News
noscript,9,-35434,www.hollywoodreporter.com,News
noscript,10,-34958,www.huffpost.com,News
noscript,11,-30761,www.mlb.com,Sports
noscript,12,-30517,www.huffingtonpost.com,News
noscript,13,-30035,www.foxnews.com,News
noscript,14,-24857,www.reuters.com,News
noscript,15,-24277,www.box.com,Sports
noscript,16,-24035,www.ifeng.com,NULL
noscript,17,-23399,www.rollingstone.com,Arts & Entertainment
noscript,18,-23215,www.variety.com,Arts & Entertainment
noscript,19,-21377,www.doubledivision.org,NULL
noscript,20,-21310,www.dictionary.com,Reference
noscript,21,-21001,www.smithsonianmag.com,Reference
noscript,22,-20934,www.autohome.com.cn,Vehicles
noscript,23,-20753,www.averagelinuxuser.com,NULL
noscript,24,-20717,www.sina.com.cn,Sports
noscript,25,-20219,www.speedtest.net,Computer
noscript,26,-19774,www.gitee.com,NULL
noscript,27,-19556,www.codexnomina.com,NULL
noscript,28,-19501,www.time.com,News
noscript,29,-19499,www.arstechnica.com,NULL
noscript,30,-19146,www.groove.cm,NULL
noscript,31,-18924,www.careerindia.com,NULL
noscript,32,-18436,www.nicovideo.jp,Arts-and-Entertainment
noscript,33,-17754,www.slate.com,News
noscript,34,-17500,www.sfgate.com,News
noscript,35,-17286,www.wired.com,NULL
noscript,36,-17021,www.pornhub.com,Adult
noscript,37,-16692,www.thetimes.co.uk,News
noscript,38,-16234,www.eventbrite.com,Arts & Entertainment
noscript,39,-16158,www.netscape.com,NULL
noscript,40,-15880,www.marinelink.com,NULL
noscript,41,-14956,www.wps.cn,NULL
noscript,42,-14471,www.chron.com,News
noscript,43,-14135,www.newyorker.com,News
noscript,44,-14060,www.thehill.com,News
noscript,45,-14060,www.wsj.com,Business & Industrial
noscript,46,-14037,www.marketwatch.com,Business & Industrial
noscript,47,-13769,www.rusjev.net,NULL
noscript,48,-13320,www.forbes.com,News
noscript,49,-13224,www.britannica.com,Reference
noscript,50,-12707,www.metsmerizedonline.com,NULL
noscript,51,-12457,www.atlassian.net,Computers & Electronics
noscript,52,-12448,www.zhcommerce.cn,NULL
noscript,53,-11853,www.news.com.au,Sports
noscript,54,-11766,www.bestbuy.com,Computers-Electronics-and-Technology
noscript,55,-11589,www.shein.com,Lifestyle
noscript,56,-11451,www.ign.com,Games
noscript,57,-11074,www.nba.com,Sports
noscript,58,-11026,www.cnabke.com,NULL
noscript,59,-10923,www.digitaltrends.com,Science
noscript,60,-10883,www.scmp.com,News
noscript,61,-10880,www.cnn.com,News
noscript,62,-10708,www.thedailybeast.com,Arts & Entertainment
noscript,63,-10477,www.usatoday.com,News
noscript,64,-10419,www.ndtv.com,News
noscript,65,-10413,www.lifehacker.com,NULL
noscript,66,-10403,www.washingtonpost.com,News
noscript,67,-10308,www.opensea.io,NULL
noscript,68,-10183,www.claroshop.com,NULL
noscript,69,-10172,www.gamespot.com,Games
noscript,70,-10074,www.kuai8.com,NULL
noscript,71,-9957,www.zhipin.com,Jobs-and-Career
noscript,72,-9880,www.twitch.tv,Arts & Entertainment
noscript,73,-9869,www.zcool.com.cn,NULL
noscript,74,-9598,www.china.com,NULL
noscript,75,-9561,www.dytt8.net,NULL
noscript,76,-9529,www.hatena.ne.jp,NULL
noscript,77,-9368,www.dglobe.com,NULL
noscript,78,-9354,www.economist.com,News
noscript,79,-9218,www.theverge.com,Computers & Electronics
noscript,80,-9206,www.amap.com,Reference-Materials
noscript,81,-8921,www.moneycontrol.com,Finance
noscript,82,-8838,www.lww.com,Health
noscript,83,-8712,www.rcfl.com.hk,NULL
noscript,84,-8646,www.listerine.com,NULL
noscript,85,-8573,www.ea.com,Games
noscript,86,-8536,www.moto-net.com,NULL
noscript,87,-8531,www.hilton.com,Travel
noscript,88,-8382,www.nreionline.com,NULL
noscript,89,-8286,www.feishu.cn,NULL
noscript,90,-8277,www.newscientist.com,NULL
noscript,91,-8083,www.nytimes.com,News
noscript,92,-7977,www.wowhead.com,Arts & Entertainment
noscript,93,-7930,www.pcmag.com,Shopping
noscript,94,-7801,www.tiktokv.com,NULL
noscript,95,-7763,www.3dmgame.com,Games
noscript,96,-7756,www.notthebee.com,Arts & Entertainment
noscript,97,-7711,www.infobae.com,NULL
noscript,98,-7616,www.hagro.cn,NULL
noscript,99,-7577,www.bizjournals.com,NULL
noscript,100,-7411,www.acfun.cn,NULL
privacy-badger,1,-58716,www.tordarkmarketurl.shop,NULL
privacy-badger,2,-54871,www.lastnighton.com,NULL
privacy-badger,3,-47165,www.cqkjwx.com,NULL
privacy-badger,4,-38680,www.dailymail.co.uk,News
privacy-badger,5,-38023,www.360doc.com,NULL
privacy-badger,6,-37326,www.thesun.co.uk,News
privacy-badger,7,-36048,www.schooldigger.com,NULL
privacy-badger,8,-35612,www.techradar.com,News
privacy-badger,9,-34576,www.livescience.com,Science
privacy-badger,10,-34378,www.hollywoodreporter.com,News
privacy-badger,11,-30191,www.nypost.com,News
privacy-badger,12,-29825,www.huffpost.com,News
privacy-badger,13,-26678,www.reuters.com,News
privacy-badger,14,-25261,www.huffingtonpost.com,News
privacy-badger,15,-24734,www.foxnews.com,News
privacy-badger,16,-22163,www.rollingstone.com,Arts & Entertainment
privacy-badger,17,-21538,www.variety.com,Arts & Entertainment
privacy-badger,18,-20664,www.codexnomina.com,NULL
privacy-badger,19,-20236,www.dictionary.com,Reference
privacy-badger,20,-19689,www.careerindia.com,NULL
privacy-badger,21,-19162,www.arstechnica.com,NULL
privacy-badger,22,-18991,www.speedtest.net,Computer
privacy-badger,23,-18779,www.box.com,Sports
privacy-badger,24,-18719,www.mlb.com,Sports
privacy-badger,25,-18103,www.smithsonianmag.com,Reference
privacy-badger,26,-17025,www.slate.com,News
privacy-badger,27,-16833,www.time.com,News
privacy-badger,28,-15721,www.gitee.com,NULL
privacy-badger,29,-15534,www.netscape.com,NULL
privacy-badger,30,-15261,www.pornhub.com,Adult
privacy-badger,31,-15232,www.marinelink.com,NULL
privacy-badger,32,-15126,www.nicovideo.jp,Arts-and-Entertainment
privacy-badger,33,-14417,www.sfgate.com,News
privacy-badger,34,-13070,www.eventbrite.com,Arts & Entertainment
privacy-badger,35,-11660,www.marketwatch.com,Business & Industrial
privacy-badger,36,-11596,www.wired.com,NULL
privacy-badger,37,-11455,www.thehill.com,News
privacy-badger,38,-11228,www.rusjev.net,NULL
privacy-badger,39,-11132,www.atlassian.net,Computers & Electronics
privacy-badger,40,-10794,www.lifehacker.com,NULL
privacy-badger,41,-10610,www.chron.com,News
privacy-badger,42,-10592,www.zhcommerce.cn,NULL
privacy-badger,43,-10399,www.forbes.com,News
privacy-badger,44,-10053,www.usatoday.com,News
privacy-badger,45,-9933,www.twitch.tv,Arts & Entertainment
privacy-badger,46,-9866,www.digitaltrends.com,Science
privacy-badger,47,-9195,www.news.com.au,Sports
privacy-badger,48,-8934,www.thetimes.co.uk,News
privacy-badger,49,-8850,www.shein.com,Lifestyle
privacy-badger,50,-8773,www.newyorker.com,News
privacy-badger,51,-8711,www.ndtv.com,News
privacy-badger,52,-8662,www.moneycontrol.com,Finance
privacy-badger,53,-8659,www.genius.com,Arts & Entertainment
privacy-badger,54,-8043,www.pcmag.com,Shopping
privacy-badger,55,-7967,www.gamespot.com,Games
privacy-badger,56,-7913,www.cnn.com,News
privacy-badger,57,-7870,www.ign.com,Games
privacy-badger,58,-7732,www.hatena.ne.jp,NULL
privacy-badger,59,-7672,www.britannica.com,Reference
privacy-badger,60,-7604,www.newscientist.com,NULL
privacy-badger,61,-7338,www.thedailybeast.com,Arts & Entertainment
privacy-badger,62,-7230,www.notthebee.com,Arts & Entertainment
privacy-badger,63,-7132,www.wowhead.com,Arts & Entertainment
privacy-badger,64,-7063,www.patient.info,NULL
privacy-badger,65,-6834,www.timeanddate.com,Science-and-Education
privacy-badger,66,-6775,www.economist.com,News
privacy-badger,67,-6752,www.verizon.com,Internet & Telecom
privacy-badger,68,-6251,www.theverge.com,Computers & Electronics
privacy-badger,69,-6140,www.bizjournals.com,NULL
privacy-badger,70,-5955,www.nba.com,Sports
privacy-badger,71,-5914,www.bestbuy.com,Computers-Electronics-and-Technology
privacy-badger,72,-5781,www.andropalace.org,NULL
privacy-badger,73,-5701,www.nreionline.com,NULL
privacy-badger,74,-5644,www.itu.int,Business & Industrial
privacy-badger,75,-5492,www.thisvid.com,NULL
privacy-badger,76,-5442,bestfonts.pro,NULL
privacy-badger,77,-5414,www.mida.gov.my,NULL
privacy-badger,78,-5351,www.indiatimes.com,News
privacy-badger,79,-5298,www.hepsiburada.com,NULL
privacy-badger,80,-5247,www.mashable.com,Business & Industrial
privacy-badger,81,-5244,www.learnmech.com,NULL
privacy-badger,82,-5130,www.pinterest.com,Online Communities
privacy-badger,83,-5004,www.groove.cm,NULL
ublock,1,-55881,www.lastnighton.com,NULL
ublock,2,-50934,www.cqkjwx.com,NULL
ublock,3,-44763,www.360doc.com,NULL
ublock,4,-41953,www.dailymail.co.uk,News
ublock,5,-37316,www.thesun.co.uk,News
ublock,6,-36461,www.hollywoodreporter.com,News
ublock,7,-35474,www.schooldigger.com,NULL
ublock,8,-34948,www.livescience.com,Science
ublock,9,-34806,www.techradar.com,News
ublock,10,-33860,www.huffpost.com,News
ublock,11,-31874,www.nypost.com,News
ublock,12,-28985,www.huffingtonpost.com,News
ublock,13,-25729,www.reuters.com,News
ublock,14,-24593,www.foxnews.com,News
ublock,15,-23436,www.variety.com,Arts & Entertainment
ublock,16,-23124,www.rollingstone.com,Arts & Entertainment
ublock,17,-23093,www.box.com,Sports
ublock,18,-23046,www.ifeng.com,NULL
ublock,19,-22701,www.codexnomina.com,NULL
ublock,20,-20321,www.dictionary.com,Reference
ublock,21,-19990,www.arstechnica.com,NULL
ublock,22,-19960,www.careerindia.com,NULL
ublock,23,-19446,www.speedtest.net,Computer
ublock,24,-19242,www.mlb.com,Sports
ublock,25,-18641,www.pornhub.com,Adult
ublock,26,-18102,www.time.com,News
ublock,27,-17454,www.autohome.com.cn,Vehicles
ublock,28,-17087,www.smithsonianmag.com,Reference
ublock,29,-16800,www.slate.com,News
ublock,30,-16329,www.nicovideo.jp,Arts-and-Entertainment
ublock,31,-16097,www.netscape.com,NULL
ublock,32,-15831,www.sfgate.com,News
ublock,33,-15379,www.marinelink.com,NULL
ublock,34,-14894,www.eventbrite.com,Arts & Entertainment
ublock,35,-13784,www.chron.com,News
ublock,36,-13201,www.thehill.com,News
ublock,37,-12355,www.metsmerizedonline.com,NULL
ublock,38,-11790,www.rusjev.net,NULL
ublock,39,-11604,www.britannica.com,Reference
ublock,40,-11422,www.zhipin.com,Jobs-and-Career
ublock,41,-11397,www.forbes.com,News
ublock,42,-11119,www.atlassian.net,Computers & Electronics
ublock,43,-11073,www.newyorker.com,News
ublock,44,-10954,www.hy-dl.com.cn,NULL
ublock,45,-10843,www.thetimes.co.uk,News
ublock,46,-10816,www.digitaltrends.com,Science
ublock,47,-10614,www.lifehacker.com,NULL
ublock,48,-10238,www.marketwatch.com,Business & Industrial
ublock,49,-10220,www.usatoday.com,News
ublock,50,-9872,www.news.com.au,Sports
ublock,51,-9327,www.zhcommerce.cn,NULL
ublock,52,-9100,www.cnn.com,News
ublock,53,-8918,www.ndtv.com,News
ublock,54,-8810,www.hatena.ne.jp,NULL
ublock,55,-8689,www.thedailybeast.com,Arts & Entertainment
ublock,56,-8488,www.pcmag.com,Shopping
ublock,57,-8442,www.moneycontrol.com,Finance
ublock,58,-8411,www.genius.com,Arts & Entertainment
ublock,59,-8375,www.groove.cm,NULL
ublock,60,-8373,www.newscientist.com,NULL
ublock,61,-8247,www.gamespot.com,Games
ublock,62,-7957,www.notthebee.com,Arts & Entertainment
ublock,63,-7647,www.gitee.com,NULL
ublock,64,-7505,www.hilton.com,Travel
ublock,65,-7261,www.moto-net.com,NULL
ublock,66,-7065,www.ign.com,Games
ublock,67,-6966,www.nreionline.com,NULL
ublock,68,-6851,www.patient.info,NULL
ublock,69,-6834,www.timeanddate.com,Science-and-Education
ublock,70,-6637,www.zombsroyale.io,NULL
ublock,71,-6518,www.wowhead.com,Arts & Entertainment
ublock,72,-6422,www.wired.com,NULL
ublock,73,-6410,www.wsj.com,Business & Industrial
ublock,74,-6389,www.mashable.com,Business & Industrial
ublock,75,-6181,bestfonts.pro,NULL
ublock,76,-6165,www.feishu.cn,NULL
ublock,77,-6096,www.bestbuy.com,Computers-Electronics-and-Technology
ublock,78,-5988,www.dlsite.com,Adult
ublock,79,-5944,www.mida.gov.my,NULL
ublock,80,-5931,www.crashlytics.com,NULL
ublock,81,-5837,www.bizjournals.com,NULL
ublock,82,-5728,www.rcfl.com.hk,NULL
ublock,83,-5672,www.andropalace.org,NULL
ublock,84,-5617,www.fandom.com,Arts & Entertainment
ublock,85,-5571,www.iqiyi.com,Sports
ublock,86,-5559,www.economist.com,News
ublock,87,-5520,www.latimes.com,News
ublock,88,-5475,www.dglobe.com,NULL
ublock,89,-5468,www.verizon.com,Internet & Telecom
ublock,90,-5449,www.newsweek.com,News
ublock,91,-5448,www.thisvid.com,NULL
ublock,92,-5307,www.vox.com,Arts & Entertainment
ublock,93,-5280,www.indiatimes.com,News
ublock,94,-5200,www.china.com,NULL
ublock,95,-5101,www.braze.com,NULL
ublock,96,-5001,3lift.com,NULL
scriptsafe,1,-57160,www.lastnighton.com,NULL
scriptsafe,2,-45244,www.360doc.com,NULL
scriptsafe,3,-43604,www.dailymail.co.uk,News
scriptsafe,4,-39433,www.thesun.co.uk,News
scriptsafe,5,-37837,www.hollywoodreporter.com,News
scriptsafe,6,-37133,www.techradar.com,News
scriptsafe,7,-36918,www.schooldigger.com,NULL
scriptsafe,8,-36508,www.nypost.com,News
scriptsafe,9,-36446,www.livescience.com,Science
scriptsafe,10,-34988,www.huffpost.com,News
scriptsafe,11,-31351,www.mlb.com,Sports
scriptsafe,12,-30545,www.foxnews.com,News
scriptsafe,13,-30495,www.huffingtonpost.com,News
scriptsafe,14,-30247,www.cqkjwx.com,NULL
scriptsafe,15,-28730,www.reuters.com,News
scriptsafe,16,-26774,www.galeracluster.com,NULL
scriptsafe,17,-25353,www.ifeng.com,NULL
scriptsafe,18,-24627,www.box.com,Sports
scriptsafe,19,-24535,www.variety.com,Arts & Entertainment
scriptsafe,20,-23754,www.rollingstone.com,Arts & Entertainment
scriptsafe,21,-23010,www.autohome.com.cn,Vehicles
scriptsafe,22,-21866,www.codexnomina.com,NULL
scriptsafe,23,-21686,www.gitee.com,NULL
scriptsafe,24,-21651,www.doubledivision.org,NULL
scriptsafe,25,-21600,www.dictionary.com,Reference
scriptsafe,26,-21468,www.averagelinuxuser.com,NULL
scriptsafe,27,-21351,www.smithsonianmag.com,Reference
scriptsafe,28,-21105,www.time.com,News
scriptsafe,29,-21090,www.groove.cm,NULL
scriptsafe,30,-20588,www.speedtest.net,Computer
scriptsafe,31,-20560,www.arstechnica.com,NULL
scriptsafe,32,-20520,www.sina.com.cn,Sports
scriptsafe,33,-20385,www.careerindia.com,NULL
scriptsafe,34,-19255,www.nicovideo.jp,Arts-and-Entertainment
scriptsafe,35,-18461,www.thetimes.co.uk,News
scriptsafe,36,-18343,www.pornhub.com,Adult
scriptsafe,37,-18154,www.netscape.com,NULL
scriptsafe,38,-17628,www.sfgate.com,News
scriptsafe,39,-17581,www.wired.com,NULL
scriptsafe,40,-17556,www.slate.com,News
scriptsafe,41,-16948,www.eventbrite.com,Arts & Entertainment
scriptsafe,42,-15975,www.marinelink.com,NULL
scriptsafe,43,-15171,www.thehill.com,News
scriptsafe,44,-14633,www.chron.com,News
scriptsafe,45,-14621,www.newyorker.com,News
scriptsafe,46,-14407,www.marketwatch.com,Business & Industrial
scriptsafe,47,-14237,www.wsj.com,Business & Industrial
scriptsafe,48,-13975,www.rusjev.net,NULL
scriptsafe,49,-13938,www.wps.cn,NULL
scriptsafe,50,-13529,www.britannica.com,Reference
scriptsafe,51,-13300,www.forbes.com,News
scriptsafe,52,-12676,www.scmp.com,News
scriptsafe,53,-12550,www.atlassian.net,Computers & Electronics
scriptsafe,54,-12363,www.zhcommerce.cn,NULL
scriptsafe,55,-12270,www.news.com.au,Sports
scriptsafe,56,-11837,www.bestbuy.com,Computers-Electronics-and-Technology
scriptsafe,57,-11784,www.zhipin.com,Jobs-and-Career
scriptsafe,58,-11662,www.ign.com,Games
scriptsafe,59,-11653,www.shein.com,Lifestyle
scriptsafe,60,-11619,www.metsmerizedonline.com,NULL
scriptsafe,61,-11444,www.digitaltrends.com,Science
scriptsafe,62,-11304,www.ndtv.com,News
scriptsafe,63,-11202,www.cnabke.com,NULL
scriptsafe,64,-11001,www.cnn.com,News
scriptsafe,65,-10889,www.usatoday.com,News
scriptsafe,66,-10882,www.thedailybeast.com,Arts & Entertainment
scriptsafe,67,-10824,www.gamespot.com,Games
scriptsafe,68,-10655,www.nba.com,Sports
scriptsafe,69,-10575,www.lifehacker.com,NULL
scriptsafe,70,-10437,www.washingtonpost.com,News
scriptsafe,71,-10422,www.claroshop.com,NULL
scriptsafe,72,-10304,www.hepsiburada.com,NULL
scriptsafe,73,-10283,www.wowhead.com,Arts & Entertainment
scriptsafe,74,-10136,www.hy-dl.com.cn,NULL
scriptsafe,75,-10131,www.opensea.io,NULL
scriptsafe,76,-10094,www.moneycontrol.com,Finance
scriptsafe,77,-9974,www.dglobe.com,NULL
scriptsafe,78,-9923,www.twitch.tv,Arts & Entertainment
scriptsafe,79,-9624,www.hatena.ne.jp,NULL
scriptsafe,80,-9601,www.hilton.com,Travel
scriptsafe,81,-9512,www.economist.com,News
scriptsafe,82,-9496,www.genius.com,Arts & Entertainment
scriptsafe,83,-9344,www.listerine.com,NULL
scriptsafe,84,-9327,www.theverge.com,Computers & Electronics
scriptsafe,85,-9269,www.moto-net.com,NULL
scriptsafe,86,-9130,www.nreionline.com,NULL
scriptsafe,87,-9053,www.vox.com,Arts & Entertainment
scriptsafe,88,-9017,www.ea.com,Games
scriptsafe,89,-8965,www.zcool.com.cn,NULL
scriptsafe,90,-8935,www.dytt8.net,NULL
scriptsafe,91,-8893,www.amap.com,Reference-Materials
scriptsafe,92,-8750,www.nytimes.com,News
scriptsafe,93,-8735,www.pcmag.com,Shopping
scriptsafe,94,-8724,www.china.com,NULL
scriptsafe,95,-8669,www.newscientist.com,NULL
scriptsafe,96,-8598,www.cookscountry.com,NULL
scriptsafe,97,-8528,www.notthebee.com,Arts & Entertainment
scriptsafe,98,-8466,www.archbold.org,NULL
scriptsafe,99,-8319,www.3dmgame.com,Games
scriptsafe,100,-8162,www.1688.com,NULL
canvas-antifp,1,-50519,www.cqkjwx.com,NULL
canvas-antifp,2,-45308,www.360doc.com,NULL
canvas-antifp,3,-36458,www.lastnighton.com,NULL
canvas-antifp,4,-23340,www.thesun.co.uk,News
canvas-antifp,5,-22314,www.box.com,Sports
canvas-antifp,6,-21315,www.huffingtonpost.com,News
canvas-antifp,7,-17218,www.pornhub.com,Adult
canvas-antifp,8,-17202,www.gitee.com,NULL
canvas-antifp,9,-15407,www.eventbrite.com,Arts & Entertainment
canvas-antifp,10,-14460,www.dictionary.com,Reference
canvas-antifp,11,-13642,www.arstechnica.com,NULL
canvas-antifp,12,-12904,www.marinelink.com,NULL
canvas-antifp,13,-12072,www.netscape.com,NULL
canvas-antifp,14,-11441,www.autohome.com.cn,Vehicles
canvas-antifp,15,-11064,www.atlassian.net,Computers & Electronics
canvas-antifp,16,-10258,www.wps.cn,NULL
canvas-antifp,17,-10180,www.reuters.com,News
canvas-antifp,18,-9792,www.zhcommerce.cn,NULL
canvas-antifp,19,-9605,www.hatena.ne.jp,NULL
canvas-antifp,20,-9218,www.hy-dl.com.cn,NULL
canvas-antifp,21,-8814,www.rcfl.com.hk,NULL
canvas-antifp,22,-8161,www.digitaltrends.com,Science
canvas-antifp,23,-7302,www.zhipin.com,Jobs-and-Career
canvas-antifp,24,-7042,www.thetimes.co.uk,News
canvas-antifp,25,-6916,www.variety.com,Arts & Entertainment
canvas-antifp,26,-6395,www.itu.int,Business & Industrial
canvas-antifp,27,-5918,www.medicalnewstoday.com,Health
canvas-antifp,28,-5750,www.slate.com,News
canvas-antifp,29,-5467,www.newscientist.com,NULL
canvas-antifp,30,-5425,www.groove.cm,NULL
adguard,1,-66738,www.teamcolorcodes.com,NULL
adguard,2,-55144,www.lastnighton.com,NULL
adguard,3,-38651,www.thesun.co.uk,News
adguard,4,-38210,www.360doc.com,NULL
adguard,5,-37275,www.cqkjwx.com,NULL
adguard,6,-37256,www.dailymail.co.uk,News
adguard,7,-36179,www.schooldigger.com,NULL
adguard,8,-35547,www.techradar.com,News
adguard,9,-34619,www.livescience.com,Science
adguard,10,-33479,www.hollywoodreporter.com,News
adguard,11,-28050,www.huffpost.com,News
adguard,12,-26970,www.nypost.com,News
adguard,13,-23776,www.variety.com,Arts & Entertainment
adguard,14,-23566,www.reuters.com,News
adguard,15,-23527,www.huffingtonpost.com,News
adguard,16,-23512,www.rollingstone.com,Arts & Entertainment
adguard,17,-22941,www.box.com,Sports
adguard,18,-21601,www.codexnomina.com,NULL
adguard,19,-21442,www.foxnews.com,News
adguard,20,-20512,www.smithsonianmag.com,Reference
adguard,21,-20494,www.dictionary.com,Reference
adguard,22,-19459,www.careerindia.com,NULL
adguard,23,-18892,www.speedtest.net,Computer
adguard,24,-17212,www.arstechnica.com,NULL
adguard,25,-16002,www.time.com,News
adguard,26,-15526,www.marinelink.com,NULL
adguard,27,-15419,www.slate.com,News
adguard,28,-15050,www.nicovideo.jp,Arts-and-Entertainment
adguard,29,-15012,www.netscape.com,NULL
adguard,30,-14931,www.mlb.com,Sports
adguard,31,-14723,www.sfgate.com,News
adguard,32,-14699,www.eventbrite.com,Arts & Entertainment
adguard,33,-12060,www.metsmerizedonline.com,NULL
adguard,34,-11381,www.chron.com,News
adguard,35,-11291,www.marketwatch.com,Business & Industrial
adguard,36,-10673,www.lifehacker.com,NULL
adguard,37,-10455,www.atlassian.net,Computers & Electronics
adguard,38,-10425,www.thehill.com,News
adguard,39,-9891,www.pornhub.com,Adult
adguard,40,-9468,www.gamespot.com,Games
adguard,41,-9305,www.britannica.com,Reference
adguard,42,-9250,www.forbes.com,News
adguard,43,-8827,www.usatoday.com,News
adguard,44,-8803,www.digitaltrends.com,Science
adguard,45,-8747,www.genius.com,Arts & Entertainment
adguard,46,-8348,www.moneycontrol.com,Finance
adguard,47,-8270,www.wired.com,NULL
adguard,48,-7967,www.wowhead.com,Arts & Entertainment
adguard,49,-7956,www.hy-dl.com.cn,NULL
adguard,50,-7861,www.ign.com,Games
adguard,51,-7685,www.gitee.com,NULL
adguard,52,-7513,www.dytt8.net,NULL
adguard,53,-7446,www.theverge.com,Computers & Electronics
adguard,54,-7305,www.notthebee.com,Arts & Entertainment
adguard,55,-7138,www.pcmag.com,Shopping
adguard,56,-7017,www.patient.info,NULL
adguard,57,-6843,www.twitch.tv,Arts & Entertainment
adguard,58,-6819,www.timeanddate.com,Science-and-Education
adguard,59,-6789,www.hatena.ne.jp,NULL
adguard,60,-6695,www.ndtv.com,News
adguard,61,-6692,www.news.com.au,Sports
adguard,62,-6516,www.verizon.com,Internet & Telecom
adguard,63,-6235,www.zhcommerce.cn,NULL
adguard,64,-6081,www.newscientist.com,NULL
adguard,65,-5984,www.thedailybeast.com,Arts & Entertainment
adguard,66,-5870,www.shein.com,Lifestyle
adguard,67,-5841,www.zendesk.com,NULL
adguard,68,-5803,www.andropalace.org,NULL
adguard,69,-5791,www.rusjev.net,NULL
adguard,70,-5776,www.learnmech.com,NULL
adguard,71,-5574,www.indiatimes.com,News
adguard,72,-5532,www.thesaurus.com,Reference-Materials
adguard,73,-5446,www.thetimes.co.uk,News
adguard,74,-5445,www.thisvid.com,NULL
adguard,75,-5266,www.zombsroyale.io,NULL
adguard,76,-5209,www.nba.com,Sports
adguard,77,-5113,www.mashable.com,Business & Industrial
user-agent,1,-47771,www.cqkjwx.com,NULL
user-agent,2,-43797,www.teamcolorcodes.com,NULL
user-agent,3,-43681,www.360doc.com,NULL
user-agent,4,-40571,www.lastnighton.com,NULL
user-agent,5,-24230,www.huffpost.com,News
user-agent,6,-23061,www.thesun.co.uk,News
user-agent,7,-22317,www.box.com,Sports
user-agent,8,-17496,www.pornhub.com,Adult
user-agent,9,-14881,www.marinelink.com,NULL
user-agent,10,-14202,www.eventbrite.com,Arts & Entertainment
user-agent,11,-13261,www.arstechnica.com,NULL
user-agent,12,-12845,www.wps.cn,NULL
user-agent,13,-12636,www.autohome.com.cn,Vehicles
user-agent,14,-12636,www.netscape.com,NULL
user-agent,15,-10880,www.foxnews.com,News
user-agent,16,-10795,www.atlassian.net,Computers & Electronics
user-agent,17,-10641,www.zhipin.com,Jobs-and-Career
user-agent,18,-10237,www.gitee.com,NULL
user-agent,19,-9517,www.hatena.ne.jp,NULL
user-agent,20,-9355,www.hollywoodreporter.com,News
user-agent,21,-7548,www.rcfl.com.hk,NULL
user-agent,22,-7064,www.careerindia.com,NULL
user-agent,23,-6709,www.groove.cm,NULL
user-agent,24,-6054,www.schooldigger.com,NULL
user-agent,25,-5779,www.zhcommerce.cn,NULL
user-agent,26,-5453,www.china.com,NULL
user-agent,27,-5448,www.itu.int,Business & Industrial
user-agent,28,-5415,www.mindbox.ru,NULL
user-agent,29,-5249,www.thisvid.com,NULL
user-agent,30,-5161,www.annascosmetics.com,NULL
user-agent,31,-5070,www.pinterest.com,Online Communities
,,,,
adblock,70,5147,www.163.com,Arts-and-Entertainment
adblock,71,5154,www.douban.com,NULL
adblock,72,5365,www.mega.nz,Computers-Electronics-and-Technology
adblock,73,5404,www.jd.com,Business & Industrial
adblock,74,5405,www.mediafire.com,Computers-Electronics-and-Technology
adblock,75,5492,www.adcocktail.com,NULL
adblock,76,5666,www.huaban.com,Hobbies-and-Leisure
adblock,77,5737,www.webex.com,Computers-Electronics-and-Technology
adblock,78,5887,www.rmz.cr,NULL
adblock,79,5983,www.nsw.gov.au,Law & Government
adblock,80,5997,www.newyorker.com,News
adblock,81,6027,www.mttcoin.com,NULL
adblock,82,6063,www.ea.com,Games
adblock,83,6099,www.napolitoday.it,NULL
adblock,84,6116,www.truthsocialviet.com,NULL
adblock,85,6131,www.ohiofestivals.net,NULL
adblock,86,6197,www.eff.org,NULL
adblock,87,6329,www.mdit.edu.cn,NULL
adblock,88,6341,www.sunnymake.com,NULL
adblock,89,6344,www.historicaltruth.net,NULL
adblock,90,6344,www.qidian.com,Arts-and-Entertainment
adblock,91,6447,www.zcool.com.cn,NULL
adblock,92,6534,www.sectigo.com,NULL
adblock,93,6547,www.hobbygames.ru,NULL
adblock,94,6563,www.globo.com,NULL
adblock,95,6594,www.smartedu.cn,NULL
adblock,96,6641,www.vice.com,Sensitive Subjects
adblock,97,6841,www.admin.ch,Business & Industrial
adblock,98,7058,www.galeracluster.com,NULL
adblock,99,7169,www.berkeley.edu,Jobs & Education
adblock,100,7314,www.crntt.com,NULL
adblock,101,7341,www.indiegogo.com,NULL
adblock,102,7408,www.hao123.com,Computers-Electronics-and-Technology
adblock,103,7431,www.china.com,NULL
adblock,104,7539,www.free.fr,Adult
adblock,105,7833,www.oschina.net,NULL
adblock,106,8314,www.thepaper.cn,NULL
adblock,107,8333,www.opdown.com,NULL
adblock,108,8387,www.vox.com,Arts & Entertainment
adblock,109,8441,www.revostar.co.kr,NULL
adblock,110,8695,www.meg-snow.com,NULL
adblock,111,8714,www.miit.gov.cn,NULL
adblock,112,8754,www.cnn.com,News
adblock,113,8791,www.dongchedi.com,Vehicles
adblock,114,8888,www.animemobi.ru,NULL
adblock,115,9167,www.chinatax.gov.cn,Law-and-Government
adblock,116,9441,www.systemair.com,NULL
adblock,117,9571,www.cnki.net,NULL
adblock,118,9623,www.tmall.com,NULL
adblock,119,9987,www.so.com,NULL
adblock,120,10675,www.game16.net,NULL
adblock,121,10745,www.beautynesia.id,NULL
adblock,122,11494,www.docomo.ne.jp,Computers-Electronics-and-Technology
adblock,123,11511,www.ameblo.jp,NULL
adblock,124,11964,www.netimperative.com,Business & Industrial
adblock,125,12371,www.ditp.go.th,NULL
adblock,126,12473,www.cnabke.com,NULL
adblock,127,12924,www.dcinside.com,Arts-and-Entertainment
adblock,128,13683,www.iqiyi.com,Sports
adblock,129,13825,www.rakuten.co.jp,Shopping
adblock,130,14147,www.zhumeiwang.com,NULL
adblock,131,15383,www.smdv.kr,NULL
adblock,132,16190,www.sina.com.cn,Sports
adblock,133,16447,www.chaoxing.com,NULL
adblock,134,17735,www.66law.cn,Law-and-Government
adblock,135,18226,www.dreamstime.com,Arts & Entertainment
adblock,136,18250,www.retirewithcrypto.net,NULL
adblock,137,18332,www.zhibo8.cc,Sports
adblock,138,18812,www.kuai8.com,NULL
adblock,139,19184,www.smzdm.com,NULL
adblock,140,19381,www.illinois.edu,Business & Industrial
adblock,141,20887,www.cherry.tv,NULL
adblock,142,21119,www.autohome.com.cn,Vehicles
adblock,143,21856,www.zol.com.cn,NULL
adblock,144,26158,www.pconline.com.cn,NULL
adblock,145,29714,www.51cto.com,NULL
adblock,146,30751,www.3dmgame.com,Games
adblock,147,32166,www.52pojie.cn,NULL
adblock,148,33415,www.nga.cn,Science-and-Education
adblock,149,33724,www.dingtalk.com,NULL
adblock,150,35354,www.178.com,NULL
adblock,151,35709,www.acfun.cn,NULL
adblock,152,48092,www.hagro.cn,NULL
adblock,153,61553,www.tordarkmarketurl.shop,NULL
decentraleyes,45,5101,www.yuzhaiwy.com,NULL
decentraleyes,46,5103,pinimg.com,Arts-and-Entertainment
decentraleyes,47,5154,www.semena-zakaz.ru,NULL
decentraleyes,48,5170,www.colorado.edu,Law & Government
decentraleyes,49,5243,www.kiofruits.com,NULL
decentraleyes,50,5344,www.vice.com,Sensitive Subjects
decentraleyes,51,5362,www.barcauniversal.com,NULL
decentraleyes,52,5377,www.cnblogs.com,Computers-Electronics-and-Technology
decentraleyes,53,5411,www.jimdo.com,Internet & Telecom
decentraleyes,54,5552,www.hoken-all.co.jp,NULL
decentraleyes,55,5604,www.mcti.gov.br,NULL
decentraleyes,56,5688,www.digicert.com,Computers & Electronics
decentraleyes,57,5797,www.chinatax.gov.cn,Law-and-Government
decentraleyes,58,5889,www.divar.ir,NULL
decentraleyes,59,5941,www.sogou.com,Computers-Electronics-and-Technology
decentraleyes,60,5970,www.thehill.com,News
decentraleyes,61,6015,www.nga.cn,Science-and-Education
decentraleyes,62,6038,www.oschina.net,NULL
decentraleyes,63,6164,www.napolitoday.it,NULL
decentraleyes,64,6182,www.mdit.edu.cn,NULL
decentraleyes,65,6335,www.mayoclinic.org,Health
decentraleyes,66,6455,www.zcool.com.cn,NULL
decentraleyes,67,6532,www.hobbygames.ru,NULL
decentraleyes,68,6619,bestfonts.pro,NULL
decentraleyes,69,6671,www.4399.com,NULL
decentraleyes,70,6706,www.1688.com,NULL
decentraleyes,71,6792,www.xinhuanet.com,NULL
decentraleyes,72,6808,www.sharegate.com,NULL
decentraleyes,73,6938,www.crntt.com,NULL
decentraleyes,74,6950,www.shopgiejo.com,Beauty & Fitness
decentraleyes,75,7031,www.sunnymake.com,NULL
decentraleyes,76,7183,www.163.com,Arts-and-Entertainment
decentraleyes,77,7208,www.revostar.co.kr,NULL
decentraleyes,78,7510,www.rmz.cr,NULL
decentraleyes,79,7619,www.rakuten.co.jp,Shopping
decentraleyes,80,7936,www.iqiyi.com,Sports
decentraleyes,81,8083,www.cnki.net,NULL
decentraleyes,82,8098,www.qidian.com,Arts-and-Entertainment
decentraleyes,83,8367,www.nba.com,Sports
decentraleyes,84,8544,www.chaoxing.com,NULL
decentraleyes,85,8656,www.historicaltruth.net,NULL
decentraleyes,86,9294,www.pconline.com.cn,NULL
decentraleyes,87,9468,www.smartedu.cn,NULL
decentraleyes,88,9886,www.ditp.go.th,NULL
decentraleyes,89,10123,www.cnabke.com,NULL
decentraleyes,90,10370,www.admin.ch,Business & Industrial
decentraleyes,91,10409,www.globo.com,NULL
decentraleyes,92,10487,www.hao123.com,Computers-Electronics-and-Technology
decentraleyes,93,10534,www.beautynesia.id,NULL
decentraleyes,94,10885,www.theverge.com,Computers & Electronics
decentraleyes,95,11037,www.annascosmetics.com,NULL
decentraleyes,96,11109,www.game16.net,NULL
decentraleyes,97,11142,www.meg-snow.com,NULL
decentraleyes,98,11663,www.51cto.com,NULL
decentraleyes,99,11701,www.rcfl.com.hk,NULL
decentraleyes,100,11873,www.animemobi.ru,NULL
decentraleyes,101,12176,www.q-chang.com,NULL
decentraleyes,102,12405,www.zhumeiwang.com,NULL
decentraleyes,103,12923,www.genius.com,Arts & Entertainment
decentraleyes,104,13191,www.dcinside.com,Arts-and-Entertainment
decentraleyes,105,13596,www.docomo.ne.jp,Computers-Electronics-and-Technology
decentraleyes,106,13690,www.britannica.com,Reference
decentraleyes,107,14350,www.opdown.com,NULL
decentraleyes,108,14904,www.ifeng.com,NULL
decentraleyes,109,15351,www.smdv.kr,NULL
decentraleyes,110,15430,www.zol.com.cn,NULL
decentraleyes,111,15655,www.netimperative.com,Business & Industrial
decentraleyes,112,15791,www.thepaper.cn,NULL
decentraleyes,113,15863,www.smh.com.au,NULL
decentraleyes,114,16529,www.zhibo8.cc,Sports
decentraleyes,115,16665,www.newsweek.com,News
decentraleyes,116,17037,www.smzdm.com,NULL
decentraleyes,117,17651,www.notthebee.com,Arts & Entertainment
decentraleyes,118,19028,www.66law.cn,Law-and-Government
decentraleyes,119,21519,www.kuai8.com,NULL
decentraleyes,120,22094,www.autohome.com.cn,Vehicles
decentraleyes,121,26360,www.acfun.cn,NULL
decentraleyes,122,26734,www.178.com,NULL
decentraleyes,123,27717,www.hagro.cn,NULL
decentraleyes,124,29843,www.ign.com,Games
decentraleyes,125,32803,www.eastday.com,Travel-and-Tourism
decentraleyes,126,32823,www.metsmerizedonline.com,NULL
decentraleyes,127,33115,www.ffxnow.com,NULL
decentraleyes,128,38352,www.3dmgame.com,Games
decentraleyes,129,53361,www.zapier.com,Computers & Electronics
disconnect,87,5123,www.varzesh3.com,Sports
disconnect,88,5192,www.cupfox.app,NULL
disconnect,89,5244,www.toutiao.com,NULL
disconnect,90,5400,www.ixxx.com,Adult
disconnect,91,5710,www.mttcoin.com,NULL
disconnect,92,5723,www.cnki.net,NULL
disconnect,93,5760,www.rmz.cr,NULL
disconnect,94,5929,www.pontdugard.fr,NULL
disconnect,95,5981,www.adcocktail.com,NULL
disconnect,96,6074,pinimg.com,Arts-and-Entertainment
disconnect,97,6120,www.ameblo.jp,NULL
disconnect,98,6133,www.wps.cn,NULL
disconnect,99,6263,www.iqiyi.com,Sports
disconnect,100,6317,www.ifeng.com,NULL
disconnect,101,6317,www.shopgiejo.com,Beauty & Fitness
disconnect,102,6404,www.napolitoday.it,NULL
disconnect,103,6549,www.1688.com,NULL
disconnect,104,6682,www.163.com,Arts-and-Entertainment
disconnect,105,6828,www.tmall.com,NULL
disconnect,106,7042,www.sunnymake.com,NULL
disconnect,107,7247,www.thepaper.cn,NULL
disconnect,108,7266,www.meg-snow.com,NULL
disconnect,109,7292,www.qidian.com,Arts-and-Entertainment
disconnect,110,7372,www.smartedu.cn,NULL
disconnect,111,7463,www.barcauniversal.com,NULL
disconnect,112,7577,www.ditp.go.th,NULL
disconnect,113,7770,www.docomo.ne.jp,Computers-Electronics-and-Technology
disconnect,114,7889,www.crntt.com,NULL
disconnect,115,8045,www.opdown.com,NULL
disconnect,116,8655,www.animemobi.ru,NULL
disconnect,117,8776,www.rakuten.co.jp,Shopping
disconnect,118,9133,www.cnabke.com,NULL
disconnect,119,9452,www.semena-zakaz.ru,NULL
disconnect,120,9714,www.globo.com,NULL
disconnect,121,10095,www.beautynesia.id,NULL
disconnect,122,10113,www.66law.cn,Law-and-Government
disconnect,123,10311,www.51cto.com,NULL
disconnect,124,10606,www.annascosmetics.com,NULL
disconnect,125,10726,www.chaoxing.com,NULL
disconnect,126,11108,www.game16.net,NULL
disconnect,127,11240,www.revostar.co.kr,NULL
disconnect,128,11592,www.zcool.com.cn,NULL
disconnect,129,11812,www.3dmgame.com,Games
disconnect,130,11960,www.zhibo8.cc,Sports
disconnect,131,11966,www.smzdm.com,NULL
disconnect,132,12040,www.yuzhaiwy.com,NULL
disconnect,133,12461,www.netimperative.com,Business & Industrial
disconnect,134,12933,www.mdit.edu.cn,NULL
disconnect,135,13461,www.dcinside.com,Arts-and-Entertainment
disconnect,136,14324,www.miit.gov.cn,NULL
disconnect,137,14357,www.zhipin.com,Jobs-and-Career
disconnect,138,14783,www.smdv.kr,NULL
disconnect,139,15496,www.zhumeiwang.com,NULL
disconnect,140,20135,www.zol.com.cn,NULL
disconnect,141,22323,www.autohome.com.cn,Vehicles
disconnect,142,22389,www.businesswire.com,NULL
disconnect,143,25484,www.yale.edu,Science
disconnect,144,25855,www.kuai8.com,NULL
disconnect,145,26561,www.178.com,NULL
disconnect,146,29241,www.acfun.cn,NULL
disconnect,147,43322,www.nike.com,Shopping
disconnect,148,49206,www.eastday.com,Travel-and-Tourism
ghostery,99,5055,www.balt.net,NULL
ghostery,100,5102,www.pbs.org,Arts & Entertainment
ghostery,101,5159,www.cnblogs.com,Computers-Electronics-and-Technology
ghostery,102,5220,www.airport.kr,NULL
ghostery,103,5269,www.shoofvod.com,NULL
ghostery,104,5527,www.brildor.com,NULL
ghostery,105,5592,www.china.com,NULL
ghostery,106,5659,www.sina.com.cn,Sports
ghostery,107,5663,www.fundacionadecco.org,NULL
ghostery,108,5698,www.globo.com,NULL
ghostery,109,5895,www.3dmgame.com,Games
ghostery,110,5952,www.animemobi.ru,NULL
ghostery,111,6005,www.kiofruits.com,NULL
ghostery,112,6104,www.douyin.com,NULL
ghostery,113,6110,www.mydrivers.com,NULL
ghostery,114,6351,www.1688.com,NULL
ghostery,115,6502,www.historicaltruth.net,NULL
ghostery,116,6524,www.potsandthings.co.za,NULL
ghostery,117,6549,www.napolitoday.it,NULL
ghostery,118,6647,www.163.com,Arts-and-Entertainment
ghostery,119,6666,www.qidian.com,Arts-and-Entertainment
ghostery,120,6712,www.pontdugard.fr,NULL
ghostery,121,6763,www.sunnymake.com,NULL
ghostery,122,6906,www.cnki.net,NULL
ghostery,123,7114,www.thepaper.cn,NULL
ghostery,124,7529,www.shopgiejo.com,Beauty & Fitness
ghostery,125,7681,www.meg-snow.com,NULL
ghostery,126,8045,www.opdown.com,NULL
ghostery,127,8252,www.hao123.com,Computers-Electronics-and-Technology
ghostery,128,8522,www.revostar.co.kr,NULL
ghostery,129,8696,www.crntt.com,NULL
ghostery,130,8771,www.esunbank.com.tw,NULL
ghostery,131,9385,www.surveymonkey.com,Business & Industrial
ghostery,132,9425,www.cnabke.com,NULL
ghostery,133,9904,www.zol.com.cn,NULL
ghostery,134,10164,www.zcool.com.cn,NULL
ghostery,135,10401,www.smartedu.cn,NULL
ghostery,136,10781,www.zhumeiwang.com,NULL
ghostery,137,10994,www.ditp.go.th,NULL
ghostery,138,11649,www.mdit.edu.cn,NULL
ghostery,139,11768,www.smzdm.com,NULL
ghostery,140,11848,www.beautynesia.id,NULL
ghostery,141,12108,www.docomo.ne.jp,Computers-Electronics-and-Technology
ghostery,142,12129,www.e2.cool,NULL
ghostery,143,12911,www.chaoxing.com,NULL
ghostery,144,12980,www.rmz.cr,NULL
ghostery,145,12998,www.dcinside.com,Arts-and-Entertainment
ghostery,146,13890,www.zhibo8.cc,Sports
ghostery,147,15181,www.netimperative.com,Business & Industrial
ghostery,148,15880,www.game16.net,NULL
ghostery,149,16338,www.woostercollective.com,NULL
ghostery,150,18437,www.kuai8.com,NULL
ghostery,151,19505,www.hagro.cn,NULL
ghostery,152,20183,www.smdv.kr,NULL
ghostery,153,24023,www.178.com,NULL
ghostery,154,28428,www.eastmoney.com,Finance
ghostery,155,31713,www.quark.cn,NULL
ghostery,156,31921,www.businesswire.com,NULL
ghostery,157,37683,www.eastday.com,Travel-and-Tourism
ghostery,158,38022,www.66law.cn,Law-and-Government
ghostery,159,47997,www.acfun.cn,NULL
https,35,5298,www.nsw.gov.au,Law & Government
https,36,5591,www.abc.net.au,Arts & Entertainment
https,37,6124,www.schooldigger.com,NULL
https,38,6298,www.f5silverline.com,NULL
https,39,6478,pinimg.com,Arts-and-Entertainment
https,40,6678,www.webex.com,Computers-Electronics-and-Technology
https,41,6695,www.moneycontrol.com,Finance
https,42,7239,www.hy-dl.com.cn,NULL
https,43,7482,www.coursera.org,Jobs & Education
https,44,7983,www.lifehacker.com,NULL
https,45,8833,www.gamespot.com,Games
https,46,8906,www.qstheory.cn,NULL
https,47,11590,www.patriciamcconnell.com,NULL
https,48,12207,www.britannica.com,Reference
https,49,12738,www.latimes.com,News
https,50,12897,www.theverge.com,Computers & Electronics
https,51,13929,www.zol.com.cn,NULL
https,52,14184,www.softonic.com,Internet & Telecom
https,53,15040,www.thedailybeast.com,Arts & Entertainment
https,54,17384,www.vince.com,NULL
https,55,23127,www.ffxnow.com,NULL
https,56,24469,www.issuu.com,Business & Industrial
https,57,24946,www.eastmoney.com,Finance
https,58,30746,www.dingtalk.com,NULL
https,59,35177,www.eastday.com,Travel-and-Tourism
https,60,51104,www.xinhuanet.com,NULL
noscript,101,5829,www.yahoo.com,Sports
noscript,102,7007,www.zhumeiwang.com,NULL
noscript,103,15797,www.vox.com,Arts & Entertainment
noscript,104,18991,www.myelectrica.ro,NULL
noscript,105,52212,www.zapier.com,Computers & Electronics
privacy-badger,84,5015,www.nga.cn,Science-and-Education
privacy-badger,85,5017,www.quark.cn,NULL
privacy-badger,86,5206,www.annascosmetics.com,NULL
privacy-badger,87,5343,www.rcfl.com.hk,NULL
privacy-badger,88,5487,www.historicaltruth.net,NULL
privacy-badger,89,5497,www.pmi-korea.com,NULL
privacy-badger,90,5511,www.e2.cool,NULL
privacy-badger,91,5519,www.meg-snow.com,NULL
privacy-badger,92,5729,www.animemobi.ru,NULL
privacy-badger,93,5827,www.stralsakerhetsmyndigheten.se,NULL
privacy-badger,94,5847,www.sogou.com,Computers-Electronics-and-Technology
privacy-badger,95,5961,www.ccschy.com,NULL
privacy-badger,96,6136,www.fcdynamo.com,NULL
privacy-badger,97,6255,www.napolitoday.it,NULL
privacy-badger,98,6257,www.eastday.com,Travel-and-Tourism
privacy-badger,99,6428,www.clearleft.com,NULL
privacy-badger,100,6436,www.miit.gov.cn,NULL
privacy-badger,101,6446,www.chinaz.com,NULL
privacy-badger,102,6618,www.pconline.com.cn,NULL
privacy-badger,103,6761,www.libertarianinstitute.org,NULL
privacy-badger,104,6852,www.clevelandclinic.org,Health
privacy-badger,105,6888,www.cnki.net,NULL
privacy-badger,106,6899,www.rmz.cr,NULL
privacy-badger,107,6910,www.metroparkstacoma.org,NULL
privacy-badger,108,6913,www.163.com,Arts-and-Entertainment
privacy-badger,109,7044,www.qidian.com,Arts-and-Entertainment
privacy-badger,110,7083,www.boardgames-bg.com,NULL
privacy-badger,111,7233,www.theta.tv,NULL
privacy-badger,112,7281,www.china.com,NULL
privacy-badger,113,7537,www.surveymonkey.com,Business & Industrial
privacy-badger,114,7657,www.sunnymake.com,NULL
privacy-badger,115,7770,www.crntt.com,NULL
privacy-badger,116,8138,www.ditp.go.th,NULL
privacy-badger,117,8387,www.smartedu.cn,NULL
privacy-badger,118,8645,www.1688.com,NULL
privacy-badger,119,8722,www.globo.com,NULL
privacy-badger,120,8733,www.npmjs.com,NULL
privacy-badger,121,8905,www.revostar.co.kr,NULL
privacy-badger,122,9095,www.free.fr,Adult
privacy-badger,123,9107,www.opdown.com,NULL
privacy-badger,124,9371,www.zhumeiwang.com,NULL
privacy-badger,125,9625,www.chaoxing.com,NULL
privacy-badger,126,9922,www.cnabke.com,NULL
privacy-badger,127,10176,www.sectigo.com,NULL
privacy-badger,128,10408,www.metsmerizedonline.com,NULL
privacy-badger,129,10572,www.51cto.com,NULL
privacy-badger,130,10728,www.netimperative.com,Business & Industrial
privacy-badger,131,10928,www.zhibo8.cc,Sports
privacy-badger,132,11484,www.rakuten.co.jp,Shopping
privacy-badger,133,11652,www.beautynesia.id,NULL
privacy-badger,134,11733,www.smzdm.com,NULL
privacy-badger,135,12334,www.3dmgame.com,Games
privacy-badger,136,12598,www.zcool.com.cn,NULL
privacy-badger,137,12884,www.hao123.com,Computers-Electronics-and-Technology
privacy-badger,138,12929,www.dcinside.com,Arts-and-Entertainment
privacy-badger,139,13832,www.game16.net,NULL
privacy-badger,140,13860,www.mdit.edu.cn,NULL
privacy-badger,141,14091,www.smdv.kr,NULL
privacy-badger,142,14106,www.ifeng.com,NULL
privacy-badger,143,14159,www.thepaper.cn,NULL
privacy-badger,144,15186,www.docomo.ne.jp,Computers-Electronics-and-Technology
privacy-badger,145,17044,www.zol.com.cn,NULL
privacy-badger,146,17693,www.sina.com.cn,Sports
privacy-badger,147,19334,www.trello.com,Computers-Electronics-and-Technology
privacy-badger,148,20498,www.naver.com,Arts & Entertainment
privacy-badger,149,21918,www.kuai8.com,NULL
privacy-badger,150,25376,www.66law.cn,Law-and-Government
privacy-badger,151,26580,www.hagro.cn,NULL
privacy-badger,152,29117,www.autohome.com.cn,Vehicles
privacy-badger,153,32736,www.acfun.cn,NULL
privacy-badger,154,32913,www.178.com,NULL
privacy-badger,155,43461,www.express.co.uk,Business & Industrial
ublock,97,5138,www.getup.org.au,NULL
ublock,98,5990,www.douyin.com,NULL
ublock,99,6708,pinimg.com,Arts-and-Entertainment
ublock,100,7414,www.cherry.tv,NULL
ublock,101,7463,www.npmjs.com,NULL
ublock,102,8234,www.sina.com.cn,Sports
ublock,103,9131,www.wps.cn,NULL
ublock,104,14114,www.laidbackgardener.blog,NULL
ublock,105,22291,www.hagro.cn,NULL
ublock,106,24776,www.kuaishou.com,NULL
ublock,107,26377,www.tordarkmarketurl.shop,NULL
ublock,108,40168,www.3dmgame.com,Games
ublock,109,46960,www.eastday.com,Travel-and-Tourism
scriptsafe,101,5414,www.mdit.edu.cn,NULL
scriptsafe,102,5829,www.miit.gov.cn,NULL
scriptsafe,103,8650,www.zhumeiwang.com,NULL
scriptsafe,104,10127,www.allblogthings.com,NULL
scriptsafe,105,17217,www.cdiabetes.com,NULL
scriptsafe,106,49835,www.zapier.com,Computers & Electronics
canvas-antifp,31,5044,www.tmall.com,NULL
canvas-antifp,32,5195,www.mcti.gov.br,NULL
canvas-antifp,33,5205,www.cnabke.com,NULL
canvas-antifp,34,5362,www.51cto.com,NULL
canvas-antifp,35,5500,www.moneycontrol.com,Finance
canvas-antifp,36,5605,www.abc.net.au,Arts & Entertainment
canvas-antifp,37,5614,www.4399.com,NULL
canvas-antifp,38,5702,www.webex.com,Computers-Electronics-and-Technology
canvas-antifp,39,5788,www.zol.com.cn,NULL
canvas-antifp,40,6519,www.schooldigger.com,NULL
canvas-antifp,41,6627,pinimg.com,Arts-and-Entertainment
canvas-antifp,42,6951,www.cruisecritic.com,NULL
canvas-antifp,43,7125,www.cherry.tv,NULL
canvas-antifp,44,7367,www.chron.com,News
canvas-antifp,45,7454,www.wired.com,NULL
canvas-antifp,46,7507,www.f5silverline.com,NULL
canvas-antifp,47,7689,www.kuaishou.com,NULL
canvas-antifp,48,8715,www.sfgate.com,News
canvas-antifp,49,8854,www.lifehacker.com,NULL
canvas-antifp,50,9197,www.hagro.cn,NULL
canvas-antifp,51,10522,www.nba.com,Sports
canvas-antifp,52,11416,www.timeanddate.com,Science-and-Education
canvas-antifp,53,11475,www.cnet.com,Computers & Electronics
canvas-antifp,54,11584,www.thedailybeast.com,Arts & Entertainment
canvas-antifp,55,12035,www.zhumeiwang.com,NULL
canvas-antifp,56,12520,www.dailymail.co.uk,News
canvas-antifp,57,12524,www.metsmerizedonline.com,NULL
canvas-antifp,58,12780,www.dglobe.com,NULL
canvas-antifp,59,13168,www.gamespot.com,Games
canvas-antifp,60,13848,www.mashable.com,Business & Industrial
canvas-antifp,61,14336,www.acfun.cn,NULL
canvas-antifp,62,16457,www.playstation.com,Computers & Electronics
canvas-antifp,63,17180,www.indiatimes.com,News
canvas-antifp,64,17845,www.fortune.com,Business & Industrial
canvas-antifp,65,19686,www.178.com,NULL
canvas-antifp,66,21101,www.ffxnow.com,NULL
canvas-antifp,67,25836,www.britannica.com,Reference
canvas-antifp,68,28325,www.jb51.net,NULL
canvas-antifp,69,28506,www.teamcolorcodes.com,NULL
canvas-antifp,70,28676,www.chinaz.com,NULL
canvas-antifp,71,33590,www.3dmgame.com,Games
adguard,78,5049,www.mi.com,Computers & Electronics
adguard,79,5074,www.oschina.net,NULL
adguard,80,5184,www.ucla.edu,Jobs & Education
adguard,81,5360,www.balt.net,NULL
adguard,82,5633,www.calendly.com,NULL
adguard,83,5661,www.douyin.com,NULL
adguard,84,5673,www.kiofruits.com,NULL
adguard,85,5703,pinimg.com,Arts-and-Entertainment
adguard,86,5792,www.cnki.net,NULL
adguard,87,5841,www.napolitoday.it,NULL
adguard,88,5917,www.asana.com,Computers Electronics and Technology
adguard,89,5986,www.nsw.gov.au,Law & Government
adguard,90,6003,www.iqiyi.com,Sports
adguard,91,6008,www.1688.com,NULL
adguard,92,6023,www.pconline.com.cn,NULL
adguard,93,6077,www.barcauniversal.com,NULL
adguard,94,6239,www.cnblogs.com,Computers-Electronics-and-Technology
adguard,95,6249,www.rmz.cr,NULL
adguard,96,6315,www.mttcoin.com,NULL
adguard,97,6936,www.3dmgame.com,Games
adguard,98,6952,www.163.com,Arts-and-Entertainment
adguard,99,7054,www.kuaishou.com,NULL
adguard,100,7071,www.sunnymake.com,NULL
adguard,101,7185,www.miit.gov.cn,NULL
adguard,102,7218,www.animemobi.ru,NULL
adguard,103,7364,www.airport.kr,NULL
adguard,104,7504,www.cherry.tv,NULL
adguard,105,7814,www.zcool.com.cn,NULL
adguard,106,8012,www.cnabke.com,NULL
adguard,107,8067,www.mydrivers.com,NULL
adguard,108,8169,www.crntt.com,NULL
adguard,109,8438,www.qidian.com,Arts-and-Entertainment
adguard,110,8548,www.galeracluster.com,NULL
adguard,111,8579,www.annascosmetics.com,NULL
adguard,112,8699,www.hobbygames.ru,NULL
adguard,113,8772,www.opdown.com,NULL
adguard,114,9009,www.rakuten.co.jp,Shopping
adguard,115,9552,www.ditp.go.th,NULL
adguard,116,9826,www.pontdugard.fr,NULL
adguard,117,10066,www.smartedu.cn,NULL
adguard,118,10156,www.revostar.co.kr,NULL
adguard,119,10347,www.smzdm.com,NULL
adguard,120,10404,www.sina.com.cn,Sports
adguard,121,10676,www.docomo.ne.jp,Computers-Electronics-and-Technology
adguard,122,10706,www.huaban.com,Hobbies-and-Leisure
adguard,123,10774,www.netimperative.com,Business & Industrial
adguard,124,10902,www.hao123.com,Computers-Electronics-and-Technology
adguard,125,10970,www.chaoxing.com,NULL
adguard,126,11189,www.beautynesia.id,NULL
adguard,127,11295,www.globo.com,NULL
adguard,128,11300,www.eastmoney.com,Finance
adguard,129,11810,www.thepaper.cn,NULL
adguard,130,11836,www.nga.cn,Science-and-Education
adguard,131,12477,www.wps.cn,NULL
adguard,132,12600,www.excel-ubara.com,NULL
adguard,133,12811,www.smdv.kr,NULL
adguard,134,13121,www.game16.net,NULL
adguard,135,13753,www.dcinside.com,Arts-and-Entertainment
adguard,136,14459,www.eastday.com,Travel-and-Tourism
adguard,137,14876,www.zhumeiwang.com,NULL
adguard,138,16215,www.meg-snow.com,NULL
adguard,139,16598,www.hagro.cn,NULL
adguard,140,17561,www.dynata.com,Business-and-Consumer-Services
adguard,141,17571,www.uk.com,Sports
adguard,142,18337,www.matterport.com,Computers & Electronics
adguard,143,19639,www.kuai8.com,NULL
adguard,144,19820,www.zol.com.cn,NULL
adguard,145,20177,www.mdit.edu.cn,NULL
adguard,146,22610,www.pbs.org,Arts & Entertainment
adguard,147,24407,www.zhibo8.cc,Sports
adguard,148,24502,www.178.com,NULL
adguard,149,30324,www.zhihu.com,Computers-Electronics-and-Technology
adguard,150,30988,www.acfun.cn,NULL
adguard,151,33619,www.mindbox.ru,NULL
adguard,152,46744,www.66law.cn,Law-and-Government
user-agent,32,5045,www.f5silverline.com,NULL
user-agent,33,5339,www.gametokka.com,NULL
user-agent,34,5378,www.pconline.com.cn,NULL
user-agent,35,5533,www.sfgate.com,News
user-agent,36,5701,www.cnn.com,News
user-agent,37,5728,www.nsw.gov.au,Law & Government
user-agent,38,5887,www.abc.net.au,Arts & Entertainment
user-agent,39,6022,www.colorado.edu,Law & Government
user-agent,40,6026,www.nvidia.com,Computers & Electronics
user-agent,41,6151,www.gamespot.com,Games
user-agent,42,6194,www.medicalnewstoday.com,Health
user-agent,43,6225,www.opdown.com,NULL
user-agent,44,6531,www.zhumeiwang.com,NULL
user-agent,45,6651,www.webex.com,Computers-Electronics-and-Technology
user-agent,46,6987,www.globalinfo.az,NULL
user-agent,47,7073,www.entrust.net,NULL
user-agent,48,7133,www.miit.gov.cn,NULL
user-agent,49,7300,www.youku.com,NULL
user-agent,50,7376,www.zol.com.cn,NULL
user-agent,51,7472,www.latimes.com,News
user-agent,52,7766,www.nypost.com,News
user-agent,53,8088,www.smithsonianmag.com,Reference
user-agent,54,9005,www.bloomberg.com,Business & Industrial
user-agent,55,9250,www.yuque.com,NULL
user-agent,56,10393,www.moneycontrol.com,Finance
user-agent,57,10594,www.nicovideo.jp,Arts-and-Entertainment
user-agent,58,11385,www.nytimes.com,News
user-agent,59,13973,www.thetimes.co.uk,News
user-agent,60,14213,www.cnet.com,Computers & Electronics
user-agent,61,14910,www.realtor.com,Finance
user-agent,62,17542,www.cnabke.com,NULL
user-agent,63,18102,www.rollingstone.com,Arts & Entertainment
user-agent,64,18561,www.patient.info,NULL
user-agent,65,18716,www.independent.co.uk,Business & Industrial
user-agent,66,19183,www.thedailybeast.com,Arts & Entertainment
user-agent,67,20546,www.gizmodo.com,NULL
user-agent,68,24358,www.1688.com,NULL
user-agent,69,25467,www.178.com,NULL
user-agent,70,27476,www.chinatax.gov.cn,Law-and-Government
user-agent,71,28238,www.hao123.com,Computers-Electronics-and-Technology
user-agent,72,28537,www.cnki.net,NULL
user-agent,73,31940,www.newsweek.com,News
user-agent,74,35565,www.ffxnow.com,NULL
user-agent,75,38544,www.thenetuse.com,NULL
user-agent,76,45791,www.pcmag.com,Shopping
user-agent,77,46908,www.hagro.cn,NULL
